name,address,postalcode,ratings
Alphabet Playhouse @ Dublin,16 Dublin Road Singapore 239805,239805,6
3-in-1 Family Centre,"205, Tampines Street 21, #01 - 1281, Singapore 520205",520205,5
A & J Child Care Centre,"434, Hougang Ave 8, #01 - 904, Singapore 530434",530434,4
ABC Children's Place,"878, Tampines Avenue 8, #01 - 308, Singapore 520878",520878,5
Academy Kidz Inc Pte. Ltd @ Central Centre,"80 Bendemeer Road, #01-07 Hyflux Inovation Centre, Singapore 339949",339949,0
Academy Kidz Inc Pte. Ltd.,"750A Chai Chee Road, #01-02, Technopark, Singapore 469001",469001,6
Ace @ Work Educare Services,"757, Choa Chu Kang North 5, #01 - 121/7, Singapore 680757",680757,4
Ace @ Work Educare Services,"288B, Jurong East Street 21, #01 - 378, Singapore 602288",602288,0
Ace @ Work Educare Services,"703, Choa Chu Kang Street 53, #01 - 54, Singapore 680703",680703,6
AceKidz @ Community,"2, Clementi West St 2, West Coast Community Centre, Singapore 129605",129605,0
AceKidz Creative Educare,"924, Hougang Avenue 9, #01 - 60, Singapore 530924",530924,8
Acekidz Pre-School,"40, Scotts Road, #06 - 00, Environment Building, Singapore 228231",228231,6
Aces Montessori Kidz Child Care Pte. Ltd.,"10, Lorong Sarina, Singapore 416672",416672,8
Adelfibel Infant And Child Development Centre Pte. Ltd.,"435, Bukit Panjang Ring Rd, #01 - 653, Singapore 670435",670435,0
Agape Child Care (CCK) Pte. Ltd.,"789, Choa Chu Kang North 6, #01 - 224, Singapore 680789",680789,6
Agape Child Care (JW) Pte. Ltd.,"274D, Jurong West Avenue 3, #01 - 99, Singapore 644274",644274,5
Agape Child Care (SK) Pte. Ltd.,"325B, Sengkang East Way, #01 - 655, Singapore 542325",542325,10
Agape Little Uni Pte. Ltd.,"Ntu Alumni Club @ One-North 11, Slim Barracks Rise, #07 - 02, Singapore 138664",138664,10
AllCare Child Development Centre,"22, Lichi Avenue, Singapore 348796",348796,0
Alphabet Playhouse @ East Coast,440A Upper East Coast Road Singapore 466497/ TEL: 64444170,444170,10
Alphabet Playhouse @ Katong,17 Rambai Road Singapore 424336,424336,10
Alphabet Playhouse @ Mountbatten,369 Tanjong Katong Road (Katong Student Hostel) Singapore 437126 / TEL: 63453248,453248,7
Amazing Star,"511, Choa Chu Kang St 51, #01 - 243/251, Singapore 680511",680511,0
Amazing Star Learning Centre,"103, Serangoon North Avenue 1, #01 - 773, Singapore 550103",550103,5
Amazing Star Montessori House (Greenridge),"524A, Jelapang Road, #03 - 01, Greenridge Shopping Centre, Singapore 671524",671524,8
Amazing Star Montessori House @ Chua Chu Kang,"511, Choa Chu Kang Street 51, #01 - 243 / 251, Singapore 680511",680511,0
Amazing Star Montessori House @ Sengkang,"2, St Anne's Wood, Singapore 545270",545270,0
Ameba Schoolhouse,"998 Bendemeer Road, Singapore 339945",339945,6
Americare Child Development Centre,"184 Joo Chiat Terrace, Singapore 427330",427330,0
Ang Mo Kio Social Service Child Development Centre,"229, Ang Mo Kio Ave 3, #01 - 1272, Singapore 560229",560229,6
Angel Care Centre Pte. Ltd.,"626, Yishun Street 61, #01 - 103, Singapore 760626",760626,10
Appledoor Schoolhouse Llp,"15, Pasir Ris Way, Pasir Ris Beach Park, Singapore 518531",518531,0
Appleland Child Care Centre,"110, Butterfly Avenue, Singapore 349844",349844,6
Appleland Montessori Child Care Centre,"165, Bukit Batok West Avenue 8, #01 - 286, Singapore 650165",650165,8
Appleland Playhouse,"104C, Depot Road, #01 - 03, Singapore 103104",103104,10
Ascension Kindercare,"105, Potong Pasir Ave 1, #01 - 436, Singapore 350105",350105,4
Aspiration Child Care Centre,"871, Tampines Street 84, #01 - 47, Singapore 520871",520871,10
Aspiration Child Care Centre @ Marine Parade,"201, Bedok North St 1, #01 - 545, Singapore 460201",460201,6
Averbel Child Development Centre Pte. Ltd.,"742, Yishun Avenue 5, #01 - 470, Singapore 760742",760742,6
Babies By-The-Park Pte. Ltd.,"45, Chiltern Drive, Braddell Heights Estate, Singapore 359756",359756,6
Babies Inc. Montessori Pte. Ltd.,"8 Cherry Avenue, Singapore 279862",279862,0
Babies Inc. Singapore Pte. Ltd.,"369, Tanjong Katong Road, Singapore 437126",437126,7
Babies Resort Pte. Ltd.,"340, Ang Mo Kio Avenue 1, #01 - 1681, Singapore 560340",560340,6
Babyplanet Montessori Pte. Ltd (Kew Drive),"22, Kew Drive, Singapore 467960",467960,6
Babyplanet Montessori Pte. Ltd. (Jalan Ulu Siglap),"6, Jalan Ulu Siglap, Singapore 457127",457127,6
Bearrington Child Care And Development Centre,"205A, Compassvale Lane, #01 - 39, Singapore 541205",541205,4
Bestcare Montessori Kindergarten And Child Development Centre,"45, Boon Keng Road, Kallang Community Club, Singapore 339771",339771,0
Bethany Child Care Centre,"127, Serangoon North Ave 1, #01 - 61, Singapore 550127",550127,0
Bethany Presbyterian Child Development Centre,"364-A, Upper Paya Lebar Road, Singapore 534965",534965,0
Bethel Day Care Centre,"12, Jalan Lateh, Singapore 359110",359110,10
Bethlehem Educare Centre (Yishun),"311, Yishun Ring Road, #01 - 1286, Singapore 760311",760311,0
BG Childcare Pte. Ltd.,"399, Yung Sheng Road, #01 - 48, Taman Jurong Shopping Centre, Singapore 610399",610399,0
Big Apple Child Care And Development Centre,"297, Tampines St 22, #01 - 576, Singapore 520297",520297,4
Big Apple Educare Centre,"180 Bedok Reservoir Road, Eunos Community Club, Singapore 479220",479220,0
Bishan East 3-In-1 Child Care Centre,"181, Bishan St 13, #01 - 251, Singapore 570181",570181,4
Bishan-Toa Payoh North Ccc Child Care & Development Centre,"199, Toa Payoh North, #01 - 1019, Singapore 310199",310199,0
Bloom Educare Pte. Ltd.,"86, Jalan Pergam, Singapore 488362",488362,10
Blossom Aspiration,"26, Serangoon Avenue 1, Singapore 556141",556141,0
Blossom Monte Berrykidz Centre Llp,"21 Chu Lin Road, Singapore 669915",669915,0
Blossom Monte Creative Centre Llp,"8, Jalan Limau Purut, Singapore 468182",468182,0
Blossom Monte Discovery Centre,"3, Chartwell Drive, Singapore 558708",558708,0
Brainy Kids Schoolhouse,"6, Muswell Hill, Singapore 358421",358421,0
Bright Child Educare Centre,"128, Marsiling Rise, #01 - 256, Singapore 730128",730128,0
Bright Junior,"255, Serangoon Central Drive, #01 - 50, Singapore 550255",550255,0
Bright Junior Childcare,"5, Ponggol Twenty-Fourth Avenue, Singapore 829483",829483,0
Bright Junior Pte Ltd,"865, Yishun Street 81, #01 - 21, Singapore 760865",760865,6
Bright Junior Pte Ltd @Corporation dr,"350, Corporation Drive, #01 - 550, Singapore 610350",610350,6
Bright Kids @ Jurong West Pte. Ltd.,"641, Jurong West Street 61, #01 - 38, Singapore 640641",640641,2
Bright Kids School House Pte. Ltd.,"192, Punggol Central, #01 - 311, Singapore 820192",820192,4
Bright Kids School House Pte. Ltd.,"175D, Punggol Field, #01 - 531, Singapore 824175",824175,0
Bright Kids School House Pte. Ltd.,"173D, Punggol Field, #01 - 635, Singapore 824173",824173,6
Brighton Montessori,"125, Frankel Avenue, Singapore 458235",458235,0
Brighton Montessori (Development Pre-School),"370, River Valley Road, Singapore 248279",248279,0
Brighton Montessori (Pre-School),"16, Fort Road, Singapore 439077",439077,5
Brightsun Child Care Centre,"635, Jurong West St 65, #01 - 334, Singapore 640635",640635,0
Brilliant Tots Childcare,"21 Bukit Batok Crescent, Wcega Tower #02-80/81 Singapore 658065",658065,0
Bronfen's Schoolhouse,"305, Tampines Street 32, #01 - 80, Singapore 520305",520305,4
Bronfen's Schoolhouse,"493E, Tampines Street 43, #01 - 334, Singapore 524493",524493,0
Bubblesland Playhouse Pte. Ltd.,"238, Compassvale Walk, #01 - 542, Singapore 540238",540238,0
Bumble Bee Child Care Centre,"369, Woodlands Avenue 1, #01 - 853, Singapore 730369",730369,0
Cairnhill Educare Pte. Ltd.,"764A, Woodlands Circle, #01 - 300, Singapore 731764",731764,0
Cambridge CDC @ Tanglin Pte. Ltd.,"38C, Belvedere Close, #01 - 02, Delta Community Centre, Singapore 159883",159883,6
Cambridge CDC@BT Pte Ltd,"19, Toh Tuck Drive, Singapore 596883",596883,0
Candy Kids Child Care,"26, Hong San Walk, Comfort Garden, Singapore 689017",689017,4
Care Corner Child Development Centre (Admiralty),"787B, Woodlands Crescent, #01 - 82, Singapore 732787",732787,0
Care Corner Child Development Centre (Yishun),"270, Yishun Street 22, #01 - 58, Singapore 760270",760270,0
Caring Childcare Pte. Ltd.,"36, Watten Park, Singapore 287421",287421,0
Carpe Diem @ Spottiswoode Park,"108 Spottiswoode Park Road, #01 - 126, Singapore 080108",80108,0
Carpe Diem Childcare Pte. Ltd.,"318, Bukit Batok Street 32, #01 - 169, Singapore 650318",650318,10
Carpe Diem Childcare Resort Pte. Ltd.,"18, Ponggol Twenty-Fourth Avenue, Singapore 829489",829489,6
Carpe Diem Creative Childcare Pte. Ltd.,"3, Lorong G Telok Kurau, Singapore 426165",426165,4
Carpe Diem Educare Pte. Ltd.,"167, Petir Road, #01 - 138, Singapore 670167",670167,0
Carpe Diem First Years Pte. Ltd.,"129, Pasir Ris Street 11, #01 - 325, Singapore 510129",510129,0
Carpe Diem Kidsworld Pte. Ltd.,"739, Jurong West Street 73, #01 - 66, Singapore 640739",640739,0
Carpe Diem Kidz Pte. Ltd.,"1B, Royal Road, Singapore 118303",118303,0
Carpe Diem Kinder Ace @ Bukit Batok,"626, Bukit Batok Central, #01 - 622, Singapore 650626",650626,0
Carpe Diem Kindercare Pte. Ltd.,"108, Bedok Reservoir Road, #01 - 300, Singapore 470108",470108,0
Carpe Diem Mi Schoolhouse,"954, Hougang Avenue 9, #01 - 536, Singapore 530954",530954,0
Carpe Diem Playskool Pte. Ltd.,"153, Yung Ho Road, #01 - 41, Singapore 610153",610153,0
Carpe Diem Schoolhouse Pte. Ltd.,"144A/146 Jalan Jurong Kechil, Singapore 598640",598640,6
Carpe Diem Starlets Pte. Ltd.,"110, TeckWhyeLane, #01 - 586, Singapore 680110",680110,0
Carpe Diem Starlets Pte. Ltd.,"120, TeckWhyeLane, #01 - 808, Singapore 680120",680120,2
Carpe Diem Young Hearts Pte. Ltd.,"355, Tampines Street 33, #01 - 638, Singapore 520355",520355,0
Carpe Diem Young Minds Pte. Ltd.,"219, Tampines Street 24, #01 - 28, Singapore 520219",520219,0
Carper Diem MI Preschool @ Hougang,"946,HougangStreet 92, #01 - 167, Singapore 530946",530946,0
Cedan Child Development Centre,"50,SengkangEast Way, Singapore 548601",548601,0
Champz School House Pte. Ltd.,"865, Mountbatten Road, #04 - 01,KatongShopping Centre, Singapore 437844",437844,6
Character Montessori Punggol Pte. Ltd.,"420, Punggol Road, Singapore 546674",546674,0
Chee Hoon Kog Child Care Centre,"520,BedokNorth Ave 1, #01 - 340, Singapore 460520",460520,0
Chee Hwan Kog Childcare Centre,"695,HougangSt 61, #01 - 72, Singapore 530695",530695,0
Cheeryland School House Pte. Ltd.,"511, Canberra Road, #03 - 02, Singapore 750511",750511,5
Cherie Hearts,"Blk533,ChoaChu Kang Street 55, #02-01 Singapore 680533",680533,0
Cherie Hearts @ Chua Chu Kang,"533,ChoaChu Kang Street 51, #02 - 01,LimbangShopping Centre, Singapore 680533",680533,0
Cherie Hearts @ Harbourfront Pte. Ltd.,"3,HarbourfrontPlace, #02 - 01,HarbourfrontTower Two, Singapore 099254",99254,8
Cherie Hearts @ West Coast Rise,"30 West Coast Rise, Hong Leong Garden, Singapore 127473",127473,8
Cherie Hearts Bright Kidz Pte. Ltd.,"877, Woodlands Avenue 9, #01 - 278, Singapore 730877",730877,0
Cherie Hearts Child Development Pte. Ltd.,"46,LimauGarden, Singapore 467905",467905,0
Cherie Hearts Discovery School Pte. Ltd.,"460, Tampines Street 42, #01 - 312, Singapore 520460",520460,5
Cherie Hearts Educare Pte. Ltd.,"1, Cashew Terrace, Cashew Estate, Singapore 679539",679539,6
Cherie Hearts Garden Of Joy Pte. Ltd.,"17,JalanBinchang, Thomson Rise Estate, Singapore 578527",578527,8
Cherie Hearts Junior Academy Pte. Ltd.,"896, Tampines Street 81, #01 - 876, Singapore 520896",520896,0
Cherie Hearts Kids Cottage,"1 Bournemouth Road, Singapore 439659",439659,6
Cherie Hearts Kids-At-Play Pte Ltd,34 Westlake Ave (nearBishan/Thomson) ;www.cherieheartskidsatplay.com.sg,com.sg,0
Cherie Hearts Kidz Lodge Pte. Ltd.,"2,JalanDermawan, Singapore 668947",668947,0
Cherie Hearts Kindercare Pte. Ltd.,"19,JalanSinga, Singapore 418106",418106,0
Cherie Hearts Merryland Pte. Ltd.,"113, BukitPurmeiRoad, #01 - 226, Singapore 090113",90113,0
Cherie Hearts Nurture Cottage Pte. Ltd.,"19,JalanMata Ayer,SembawangPark, Singapore 759100",759100,0
Cherie Hearts Play House Pte. Ltd.,"39, Jansen Road, Singapore 548441",548441,0
Cherie Hearts Play House Pte. Ltd.,"19F Charlton Lane, Singapore 539643",539643,0
Cherie Hearts Precious Tots Pte. Ltd.,"6,JalanGelenggang,SembawangHills Estate, Singapore 578189",578189,0
Cherie Hearts Preschool Pte. Ltd.,"8, Kallang Sector, #02 - 00, Singapore 349282",349282,0
Cherie Hearts SAF CDC @Depot Pte Ltd,"5 Depot Road, CMPB Camp Singapore 109676",109676,0
Cherie Hearts SAF CDC @Depot Pte Ltd,"5 Depot Road, CMPB Camp Singapore 109681",109681,10
Cherie Hearts SAF CDC @Gombak Pte Ltd,,,5
Cherie Hearts SAF Child Development Centre @ Chevrons Pte. Ltd.,"48, Boon Lay Way, #01 - 01, Singapore 609961",609961,0
Cherie Hearts Treehouse Pte. Ltd.,"1, One Tree Hill, Singapore 248668",248668,0
Cherish Child Development Centre,"305,ShunfuRoad, #01 - 103, Singapore 570305",570305,0
Child At Street 11,"102,AngMo Kio Ave 3, #01 - 1429, Singapore 560102",560102,5
CHILD'S ATELIER PTE LTD,"33UbiAvenue 3 #01-43/44, Vertex, Singapore 408868",408868,10
Childcare @ Ah,"378, Alexandra Road, Alexandra Hospital, Singapore 159964",159964,0
Childhood Builder Preschool Pte Ltd,237 Alexandra Road #02-09/10/11 Singapore159929,159929,9
Childland Pte. Ltd.,"409, Sin Ming Ave, #03 - 01, Singapore 570409",570409,0
Children Network Pte. Ltd.,"7A & 9GalistanAvenue, Singapore 669694",669694,0
Chiltern House,"5, Halifax Road, Singapore 229259",229259,6
Chiltern House Crescent,"7, Crescent Road, Singapore 439294",439294,8
Chiltern House Forum,"583, Orchard Road, #04 - 01, Forum Galleria, Singapore 238884",238884,8
Chiltern House Turf Club,"232, Turf Club Road, Singapore 287982",287982,6
Chinese Christian Mission Ltd.,"108, BukitBatokWest Ave 6, #01 - 54, Singapore 650108",650108,0
Ci You Child Care Centre,"29,JalanBahagia, #01 - 348, Singapore 320029",320029,0
Citikids Academy Pte. Ltd.,"3 Pickering Street, #01 - 60/61/62, China Square Central, Singapore 048660",48660,6
Citikids Edventure Pte. Ltd.,"450, BukitPanjangRing Road, Singapore 670450",670450,10
Citikids Edventure Pte. Ltd.,"450, BukitPanjangRing Road, Singapore 670450",670450,10
CM Central Pte. Ltd. (Character Montessori Asia Pte. Ltd.),"161,AngMo Kio Ave 4, #01 - 502, Singapore 560161",560161,5
Columbia Academy Pte Ltd,"10,TohGuan Road, #06 - 03, Singapore 608838",608838,8
Cornerstones Educare Pte. Ltd.,"55, Chu Lin Road, Singapore 669949",669949,0
Cosy Corner Infant Care Centre,"168A, Queensway, #01 - 222, Singapore 140168",140168,0
Creative Child Development Centre,"275A,LorongChuan, Singapore 556770",556770,0
Creative Inventors Pte. Ltd.,"1 Tung Po Avenue,MunWahGarden, Singapore 787149",787149,7
Creative Land Childcare And Development Centre,"686D,ChoaChu Kang Crescent, #01 - 260, Singapore 680686",680686,0
Creative Land Childcare And Development Centre,"715, Woodlands Drive 70, #01 - 144, Singapore 730715",730715,0
Creative Land Childcare And Development Centre (Yew Tee),"634,ChoaChu Kang North 6, #01 - 289, Singapore 680634",680634,0
Creative Star Skoolhouse,"5, BoonKengRoad, #01 - 84, Singapore 330005",330005,2
Cuddle Kids Playhouse,"539, Woodlands Drive 16, #01 - 117, Singapore 730539",730539,0
Curious Minds Childcare Pte. Ltd.,"1, Novena Terrace, Singapore 307903",307903,0
Cutie Kidz Playhouse,"113,RivervaleWalk, #01 - 33, Singapore 540113",540113,0
Dardis Child Development Centre,"134,JalanBukitMerah, #01 - 1420, Singapore 160134",160134,0
Daystar Child Development Centre,"653C,JurongWest Street 61, #01 - 460, Singapore 643653",643653,0
Daystar Child Development Centre,"8, Holland Avenue, #01 - 32, Singapore 271008",271008,0
Deficient Credit Score? Request Effortless Paycheck Advance Loans,,,0
Del-Care Edu Centre Pte. Ltd.,"80, Anson Road, #02 - 08, Fuji Xerox Tower, Singapore 079907",79907,7
Dexkids Schoolhouse,"539,HougangStreet 52, #01 - 54, Singapore 530539",530539,0
Discovery Kidz Preschool Pte. Ltd.,"13,BedokRia Place, Singapore 489773",489773,0
Discovery Kidz Preschool Pte. Ltd.,"26, Mariam Close, Changi Grove, Singapore 508668",508668,0
Discovery Whizkidz Empire,"114,SimeiStreet 1, #01 - 614, Singapore 520114",520114,6
Eager Beaver Schoolhouse,"60, Yishun Avenue 4,SafraYishun Country Club, Singapore 769027",769027,10
Eager Beaver Schoolhouse 2 Pte. Ltd.,"2,TelokBlangahWay, #01 - 02, Singapore 098803",98803,0
Eagle Retirement Planners Pte. Ltd.,"1, Springside Avenue, Singapore 787013",787013,0
Early Learning Centre,"229,ChoaChu Kang Central, #01 - 139, Singapore 680229",680229,2
Ecokidd Childcare,"33 Punggol 24th Avenue, Singapore 829498",829498,0
Educa Pte. Ltd.,"51,LorongPuntong, Singapore 576441",576441,0
Educa-Zion Group Pte. Ltd.,"108, Depot Road, #02 - 05, Depot Heights Shopping Centre, Singapore 100108",100108,0
Eduventure Childcare Centre,"195C, Punggol Road, #01 - 532, Singapore 823195",823195,0
Eileen's Childcare Centre Pte. Ltd.,"91,JalanPariBurong, Singapore 488730",488730,0
Eileen's Childcare Centre Pte. Ltd.,"10,SimeiStreet 2,SimeiCommunity Club, Singapore 529915",529915,0
Eileen's Learning Centre Pte. Ltd.,"866A, Tampines Street 83, #04 - 01, Tampines Central Community Complex, Singapore 521866",521866,8
Elfa Children's Place,"587 Upper Serangoon Road, Singapore 534564",534564,5
Emmanuel Child Educare,"29,JalanMaluMalu, Singapore 769646",769646,0
Enfant Educare Pte. Ltd.,"BH Building, #02-00, 26 Horne Road, Singapore 209062",209062,0
EQ Educare Pte. Ltd.,"309,ChoaChu Kang Ave 4, #02 - 01, Singapore 680309",680309,6
ERP Childcare Centre,"1, Tamarind Road, Serene Park, Singapore 806011",806011,0
Etonhouse Pre-School Pte. Ltd.,"717, Mountbatten Road, Singapore 437737",437737,0
Etonhouse Pre-School Pte. Ltd.,"121B, Whitley Road, Singapore 297814",297814,8
Etonhouse Pre-School Pte. Ltd.,"1, Vanda Road, Singapore 287771",287771,0
Etonhouse Pre-School Pte. Ltd.,"39, Newton Road, Singapore 307966",307966,0
Etonhouse Pre-School Pte. Ltd.,"51,BroadrickRoad, Singapore 439501",439501,0
Etonhouse Pre-School Pte. Ltd.,"764, Mountbatten Road, Singapore 437764",437764,8
Eureka Schoolhouse Pte. Ltd.,"111 Faber Drive, Singapore 129423",129423,6
Eureka Schoolhouse Pte. Ltd.,"2 Sunbird Road, Singapore 487127",487127,0
Everland Child Care & Development Centre,"449, Punggol Road, Singapore 546663",546663,0
Faith Educare Centre,"201A,CompassvaleDrive, #01 - 515, Singapore 541201",541201,0
Faith Educare Centre (Seng Kang),"260D,SengkangEast Way, #01 - 468, Singapore 544260",544260,0
First Step Child Care And Child Development Centre,"553,PasirRisSt 51, #01 - 111, Singapore 510553",510553,0
Flamingo Child Care Centre,"617,ChoaChu Kang North 7, #01-437, Singapore 680617",680617,0
Funland Educare Centre,"736, Woodlands Circle, #01 - 513, Singapore 730736",730736,0
Genesis Child Care Centre,"2A, Jubilee Road, Singapore 128524",128524,8
Global Child Development Centre,"620, Woodlands Drive 52, #01 - 84, Singapore 730620",730620,0
Global Kid@Serangoon Pte Ltd,"19, Serangoon North Avenue 5, #03 - 03, Singapore 554913",554913,9
Globalkids Pte. Ltd.,"4, Crescent Road, Singapore 439289",439289,0
Gloryland Learning Centre,"32 Cashew Terrace, Singapore 679564",679564,0
Gloryland Learning Centre At Toh Tuck,"31,TohTuck Road, Singapore 596709",596709,10
Glucklich Schoolhouse,"878A,SembawangRoadSembawangSquare Estate, Singapore 758467",758467,0
Gracefields Childcare,"25,GilsteadRoad, Singapore 309070",309070,9
Green Pastures Child Centre,"28/30, Duke's Road, Singapore 268910",268910,6
Greenery Childcare Centre,"483,ChoaChu Kang Avenue 5, #01 - 164, Singapore 680483",680483,4
Greenfield Montessori,"8, Hong San Walk, Singapore 688999",688999,6
Greentree Montessori Children Hub,45JalanMata Ayer S(759130),59130),0
Happy Camper,"195,RivervaleDrive, #01 - 743, Singapore 540195",540195,4
Happy Family Child Care Centre,"505,BishanStreet 11, #01 - 438, Singapore 570505",570505,7
Happy Family Child Care Centre,"45,JalanSongket, Singapore 537416",537416,8
Happy Kids Childcare & Development Centre,"882, Tampines St 84, #01 - 80, Singapore 521882",521882,0
Happy Kids Early Learning Centre,"917,JurongWest Street 91, #01 - 142, Singapore 640917",640917,0
Happy Talent Childcare Centre,"110,JurongEast Street 13, #01 - 318, Singapore 600110",600110,0
Happy Tots Child Care And Learning Centre,"161, Woodlands Street 13, #01 - 633, Singapore 730161",730161,0
Harmony Child Care & Development Centre,"522,JelapangRoad, #01 - 301, Singapore 670522",670522,2
Haven Infant & Toddler Care Centre,"114, Whampoa Road, #01 - 123, Singapore 320114",320114,4
Healthy Start Child Development Centre,"120, BukitMerahView, #01 - 04/06, Singapore 152120",152120,6
Hillview Montessori Child Care Pte. Ltd.,"33/35JalanRemaja, Singapore 668693",668693,6
HIS LITTLE KINGDOM CHILD CARE & DEVELOPMENT CENTRE,"64,JalanLengkokSembawang, Singapore 759245",759245,0
HIS LITTLE KINGDOM CHILD CARE AND DEVELOPMENT CENTRE,"29/31,JalanLengkokSembawang, Singapore 759218",759218,7
Honey Tree Child Care And Development Centre,"94, Dido Street, Singapore 459509",459509,6
HOUSE OF KIDS PTE. LTD.,"38,DedapRoad, Singapore 809442",809442,0
Hui Ming Child Development Centre,"524,AngMo Kio Ave 5, #01 - 4132, Singapore 560524",560524,2
Iassure Childcare Centre Pte. Ltd.,"69, Verde Avenue, Singapore 688337",688337,0
Ichiban Montessori Child Care Centre Pte Ltd,"20, Hong San Walk, Singapore 689011",689011,0
Ideal Montessori Pte Ltd,"1, Youngberg Terrace, #01 - 02, Avon Park, Singapore 357741",357741,0
iKids Preschoolers,"35,SaracaRoad, Singapore 807381",807381,0
Iman Childcare,"154,SimeiStreet 1, #01 - 75, Singapore 520154",520154,0
Iman Childcare @ Pasir Ris,"148,PasirRisStreet 13, #01 - 34, Singapore 510148",510148,0
Innate Montessori Pte. Ltd.,"25,JalanKakatua,JurongPark, Singapore 598543",598543,7
Island Playhouse - Child Development Centre,"77,PasirRisAve, Singapore 519732",519732,10
Iyad Perdaus Child Development @ Jurong East,"241,JurongEast Street 24, #01 - 659, Singapore 600241",600241,0
Iyad Perdaus Child Development Centre @ Choa Chu Kang,"418,ChoaChu Kang Ave 4, #01 - 290, Singapore 680418",680418,0
Jamiyah Child Care Centre,"124,AngMo Kio Ave 6, #01 - 4055, Singapore 560124",560124,0
Jeet's Schoolhouse Pte. Ltd.,"157L,JalanLoyangBesar, Singapore 509397",509397,4
Jhs Child Care Centre,"322, River Valley Road, Singapore 238355",238355,0
Jingles Childcare Centre,"259, KimKeatAvenue, #01 - 04, Singapore 310259",310259,0
Joewe Playhouse & Infant Centre,"165,SimeiRoad, #01 - 362, Singapore 520165",520165,0
Josiah Montessori : City Childcare Centre,"9, Raffles Boulevard, #03 - 07,MilleniaWalk, Singapore 039596",39596,0
Joy Little Schoolhouse Pte Ltd,32 Sin Ming LaneMidviewCity Singapore 573954,573954,10
Joy Montessori Schoolhouse,"241, Tampines Street 21, #01 - 435, Singapore 520241",520241,8
Joyhouse Learning Centre Pte Ltd,231BishanSt 23 #B1-05 Singapore 570231,570231,0
Joyland Child Care & Development Centre,"936,JurongWest Street 91, #01 - 361, Singapore 640936",640936,0
Jude Child Care And Child Development Centre,"104,PasirRisStreet 12, #01 - 141, Singapore 510104",510104,2
Just Kids @ Jurong Pte. Ltd.,"255,JurongEast Street 24, #01 - 315, Singapore 600255",600255,7
Just Kids Learning Place @Marine Parade,"50, Marine Terrace, #02 - 265, Marine Parade District Hall, Singapore 440050",440050,10
Just Kids Learning Place Pte Ltd,"159, BukitBatokStreet 11, #01 - 180, Singapore 650159",650159,7
Kanooka School House Pte. Ltd.,"852,JurongWest Street 81, #01 - 317, Singapore 640852",640852,0
Key Elementry Eduhouse,"262, Boon Lay Drive, #01 - 559, Singapore 640262",640262,0
Kiddie Kollege Experiential Learning Centre,"631,SenjaRoad, #01 - 228, Singapore 670631",670631,0
Kiddy Ark Childcare & Development Centre,"727, Tampines Street 71, #01 - 11, Singapore 520727",520727,4
Kids And Kins Child Care Centre,"2, Shangri-La Walk, Singapore 568179",568179,0
Kids Central Pte. Ltd.,"99, Arthur Road, Singapore 439807",439807,7
Kids' Kingdom Child Development And Learning Centre,"1, Edgefield Walk, Singapore 828850",828850,0
Kids' Star Child Development Centre (S) Pte Ltd,"565,AngMo Kio Ave 3, #01 - 3431, Singapore 560565",560565,2
Kidskingdom Pte. Ltd.,"154,HougangStreet 11, #01 - 196, Singapore 530154",530154,0
Kidsville Child Care & Development Centre,"201, Yishun Street 21, #01 - 55, Singapore 760201",760201,0
Kidsville Child Care & Development Centre,"217, Yishun Street 21, #01 - 333, Singapore 760217",760217,7
Kidszone Childcare And Development Centre,"480,SembawangDrive, #01 - 455, Singapore 750480",750480,0
Kidz Meadow Child Care @ Woodlands,"874, Woodlands Street 82, #01 - 522, Singapore 730874",730874,6
Kidz Meadow Child Care @ Yishun,"173, Yishun Avenue 7, #01 - 817, Singapore 760173",760173,6
Kidz Meadow Childcare @ Buangkok,"Blk979C,BuangkokCrescent, #01-105, Singapore 533979",533979,10
Kidzmill Educare,"105, Cashew Road, #01 - 01, Cashew Heights Condominium, Singapore 679675",679675,10
Kidzmonte Child Development Centre,"73, Loyang Rise, Singapore 507528",507528,0
Kidzpro Llp,"939, Tampines Avenue 5, #01 - 167, Singapore 520939",520939,0
Kinder Corner,"16A, Science Park Drive, #01 - 03, The Pascal, Singapore 118228",118228,6
Kinder Corner 2,"21, Science Park Road, #02 - 05, The Aquarius Science Park II, Singapore 117628",117628,8
Kindercampus (S) Pte Ltd,"12,SommervilleWalk, Singapore 359756",359756,0
Kinderjoy Educare Pte Ltd,"656,JalanTenaga, #01 - 104, Singapore 410656",410656,0
Kinderjoy Skoolhouse,"64, New Upper Changi Road, #01 - 1158, Singapore 460064",460064,0
Kinderland Child Care Centre,"681, BukitTimahRoad , Singapore 269782",269782,0
Kinderland Child Care Centre,"18, Havelock Road, #01-18, Ministry Of Manpower Building, Singapore 059764",59764,0
Kinderland Child Care Centre,"768, Woodlands Avenue 6, #02 - 01, Woodlands Mart, Singapore 730768",730768,0
Kinderland Child Care Centre,"212, Clementi Road, #01 - 01, Singapore 129785",129785,0
Kinderland Child Care Centre,"10, Shenton Way, #08 - 01, Mas Building, Singapore 079117",79117,0
Kinderland Child Care Centre,"3PandanValley, #01 - 316, Singapore 597627",597627,0
Kinderland Child Care Centre,"202,HougangStreet 21, #03 - 00, Singapore 530202",530202,4
Kinderland Child Care Centre,"256,BangkitRd, #02 - 73, Singapore 670256",670256,8
Kinderland Child Care Centre,"900, South Woodlands Drive, #05 - 03, Woodlands Civic Centre, Singapore 730900",730900,2
Kinderland Child Care Centre,"135,JurongEast Street 13, #03 - 341, Singapore 600135",600135,0
Kinderland Child Care Centre,"449,YioChu Kang Road, Singapore 805946",805946,0
Kinderland Infant & Child Care Centre,"293,Lorong6 ToaPayoh,SafraClubhouse, Singapore 319387",319387,0
Kinderland Sports Child Care,"1A, Tampines Street 92,SafraTampines Clubhouse, Singapore 528882",528882,8
Kindertown Educare Pte. Ltd.,"365,LorongBuangKok, Singapore 547687",547687,0
Kinderyears Childcare & Development Centre,"679,ChoaChu Kang Crescent, #01 - 602, Singapore 680679",680679,0
Kinsland Educare,"5,TohYi Drive, #01 - 221, Singapore 590005",590005,0
L'Kids @ Work Pte. Ltd.,"688C,ChoaChu Kang Crescent, #01 - 120, Singapore 683688",683688,0
Learning Hub@Graceland Pte. Ltd.,"1, Woodlands Road, #02 - 03, Ten Mile Junction, Singapore 677899",677899,0
Learning Kidz @ Kovan Pte. Ltd.,"205,HougangStreet 21, #04 - 00, Heartland Mall-Kovan, Singapore 530205",530205,0
Learning Kidz Child Development Centre,"423, Serangoon Central, #01 - 342, Singapore 550423",550423,0
Learning Kidz Educare Pte. Ltd.,"10,AngMo Kio St 65, #01 - 04,Techpoint, Singapore 569059",569059,0
Learning Seeds Child Development Centre,"1JurongWest Street 74, #02 - 04, Singapore 649149",649149,8
Learning Seeds Child Development Centre,"3, BukitCherminRoad, Singapore 109923",109923,6
Learning Vision,Please visit our website for a full list of Learning Vision Centres.,ntres.,10
Learning Vision @ Work Pte Ltd,"817, Tampines St 81, #01 - 588, Singapore 520817",520817,0
Learning Vision @ Work Pte. Ltd.,"1, Research Link, Singapore 117604",117604,0
Learning Vision @ Work Pte. Ltd.,"17, Woodlands Avenue 9, #01 - 01, Republic Polytechnic, Singapore 738964",738964,0
Learning Vision @ Work Pte. Ltd.,"190,AngMo Kio Avenue 8, #03-02, Singapore 568046",568046,0
Learning Vision @ Work Pte. Ltd.,"Upper Basement Level, West Wing, Terminal 1, Singapore Changi Airport, Singapore 819642",819642,0
Learning Vision @ Work Pte. Ltd.,"12, Gentle Road, Singapore 309198",309198,0
Learning Vision @ Work Pte. Ltd.,"11,BiopolisWay, #02 - 01&03, Helios, Singapore 138667",138667,6
Learning Vision @ Work Pte. Ltd.,"168,JalanBukitMerah, #03 - 00,SurbanaOne, Singapore 150168",150168,6
Learning Vision @ Work Pte. Ltd.,"9 International Business Park, Singapore 609915",609915,0
Learning Vision @ Work Pte. Ltd.,"43, Tampines Ave 1, #01 - 05,TemasekGreen,TemasekPolytechnic, Singapore 529762",529762,0
Learning Vision @ Work Pte. Ltd.,"5,AngMo Kio St 62, #04 - 04,NcsHub Block C, Singapore 569141",569141,0
Learning Vision @ Work Pte. Ltd.,"101B, Clementi Road, Kent Vale Staff Housing, Singapore 129798",129798,0
Learning Vision @ Work Pte. Ltd.,"1, NorthBuonaVista Drive, #04 - 01, Ministry Of Education, Singapore 138675",138675,0
Learning Vision @ Work Pte. Ltd.,"Maxwell Road, 6Th StoreyMndBuilding Annexe B, Singapore 069110",69110,0
Learning Vision @ Work Pte. Ltd.,"02, Havelock Road, #05 - 11/12, Apollo Centre, Singapore 059763",59763,0
Learning Vision @ Work Pte. Ltd.,"180,AngMo Kio Ave 8,BlkF, Level 2, Unit 1 Singapore 569830",569830,0
Learning Vision @ Work Pte. Ltd.,"55, Newton Road 5Th Storey, Revenue House, Singapore 307987",307987,0
Learning Vision @ Work Pte. Ltd.,"100, BukitTimahRoad,KkWomen's And Children's Hospital, Singapore 229899",229899,4
Learning Vision @ Work Pte. Ltd.,"11,JalanTanTockSeng 4Th Level, TanTockSeng Hospital, Singapore 308433",308433,0
Learning Vision @ Work Pte. Ltd.,"11/15, Faculty Avenue, Singapore 639977",639977,10
Learning Vision Pte Ltd,"Blk548 Woodlands Drive 44, #02 - 20, Plaza 888, Singapore 730548",730548,0
Learninghill Educare Pte Ltd,"6,LakmeStreet, Singapore 456903",456903,6
Learninghill Pasir Ris Pte Ltd,"258,PasirRisSt 21, #02 - 333C, Singapore 510258",510258,2
Life Child Care Centre,"144PrinsepStreet, Singapore Life Church, Singapore 188657",188657,6
Life Childcare Pte Ltd,"138PrinsepStreet, #01 - 00, Singapore 188659",188659,0
Little Angels Childcare And Development Centre (S) Pte Ltd,"8, Yunnan Walk 2, Singapore 638139",638139,0
Little Beez Playskool,"491H, Tampines Street 45, #01 - 242, Singapore 527491",527491,0
Little Dolphins Playskool,"276,ChoaChu Kang Ave 2, #01 - 309, Singapore 680276",680276,5
Little Fellow Childcare,"55,LorongLTelokKurau, #03 - 57/59, Bright Centre, Singapore 425500",425500,0
Little Footies Schoolhouse,"5/15, Mei Hwan Drive, Singapore 568346",568346,0
Little Footprint,"551, Woodlands Drive 44, #01 - 42, Singapore 730551",730551,0
Little Footprint @Yishun,"388, Yishun Ring Road, #01 - 1671, Singapore 760388",760388,0
Little Footprints,"366, Yishun Ring Road, #01 - 1510, Singapore 760366",760366,0
Little Footprints Schoolhouse (Bt Batok) Pte. Ltd.,"373, BukitBatokStreet 31, #03 - 244, Singapore 650373",650373,0
Little Footprints Schoolhouse (Yishun) Pte. Ltd.,"701A, Yishun Avenue 5, #02 - 04, Singapore 761701",761701,0
Little Gems Playschool Private Limited,"73,LengkongDua, Singapore 417731",417731,6
Little Genius Skool House,"637D, Punggol Drive, #01 - 385, Singapore 824637",824637,0
Little Green House,"553, Serangoon North Ave 3, #01 - 75, Singapore 550553",550553,0
Little Green House,"540, Serangoon North Avenue 4, #01 - 101, Singapore 550540",550540,4
Little Green House,"478,JurongWest Street 41, #01 - 276, Singapore 640478",640478,10
Little Greenhouse @ Bukit Batok,Block 373 BukitBatokSt 31 #03-244 Singapore 650373,650373,0
Little Greenhouse @ Joo Seng,Blk17JooSeng Road #03-133JooSeng Heights Singapore 360071,360071,10
Little Greenhouse @ Jurong West,BLK 478 JURONG WEST STREET 41 #01-276 SINGAPORE 640478/ TEL: 65671622,671622,0
Little Greenhouse @ Serangoon N Blk 540,Block 540 Serangoon North Avenue 4 #01-101 Singapore 550540,550540,10
Little Greenhouse @ Serangoon N Blk 553,Block 553 Serangoon North Avenue 3 #01-75 Singapore 550553,550553,10
Little Greenhouse @ Woodlands,BLK 161 Woodlands Street 13 #01-633 Singapore 730161/TEL: 63670882,670882,0
Little Greenhouse @ Yishun,Block 832 Yishun St 81 #01-448 Singapore 760832,760832,10
Little Greenhouse Childcare & Development @ Thomson,"14A, Marigold Drive, Singapore 576416",576416,8
Little Greenhouse Childcare & Development @ Yishun,"832, Yishun Street 81, #01 - 448, Singapore 760832",760832,10
Little Harvard International Preschool,"6,JalanGelenggangSingapore 578189",578189,10
Little Jumbo Educare Pte Ltd,"131,RivervaleStreet, #01 - 868, Singapore 540131",540131,0
Little Learners Preschool Pte Ltd,"410,JooChiatPlace, Singapore 428046",428046,0
Little O?Zone,Orchid Country Club 1 Orchid Club Road Singapore 769162,769162,0
Little Palm Pre-School Pte. Ltd.,"20, East Coast Avenue, Singapore 459210",459210,0
Little Schoolhouse International Pte Ltd,"1A, Pearl Bank, #01 - 10, Singapore 169016",169016,6
Little Skool House @Sembawang,"579,SembawangPlace, Singapore 758427",758427,0
Little Talent Childcare & Development Centre,"420,JurongWest Street 42, #01 - 1013, Singapore 640420",640420,0
Little Tree House @ Westwood,"82, Westwood Crescent, Singapore 648782",648782,0
Little Tree House Llp,"70JalanNaung, Miramar Gardens, Singapore 537731",537731,6
Little Village On The Grange,"41, Grange Road, Singapore 239704",239704,4
Lorna Whiston Pre-School,"9 Winchester Road, Singapore 117783",117783,0
MindChamps PreSchool,490Lorong6 ToaPayoh#05-12 HDB Hub Biz 3 Singapore 310490,310490,7
Mini World Child Care & Development Centre Pte. Ltd.,"58, Chai Chee Drive, #01 - 122, Singapore 460058",460058,0
Modern Montessori @ Bukit Batok,"368,BtBatokSt 31, #01 - 485, Singapore 650368",650368,0
Modern Montessori Child Care & Development Centre Pte. Ltd,"9,YioChu Kang Road, #02-17,KovanCentre, Singapore 545523",545523,0
Modern Montessori Child Care & Development Centre Pte. Ltd. @West Coast,"12 West Coast Walk, #01 - 05, West Coast Recreation Centre, Singapore 127157",127157,0
Modern Montessori Pre-School Centre,"6, Bright Hill Drive, Singapore 579598",579598,0
Modern Montessori Pre-School Centre (Bedok Reservoir),743BedokReservoir Road #01-3081 Singapore 470743,470743,0
Modern Montessori Pre-School Centre (Canberra),"310, Canberra Road, #01 - 125, Singapore 750310",750310,5
Modern Montessori Pre-school Centre @ Jurong West,"20,JurongWest Street 93, #01 - 01, Singapore 648965",648965,2
Modern Montessori Pre-school Centre @ Sengkang East,"60,SengkangEast Way, Singapore 548596",548596,2
Modern Montessori Pre-school Centre @ Woodland,"750, Woodlands Avenue 4, #01 - 317, Singapore 730750",730750,8
Montessori @ Graceland Pte. Ltd.,"7, Phoenix Walk, Singapore 668111",668111,2
Montessori Lab,"16,CedarwoodGrove, Singapore 738419",738419,0
Moral Child Development Centre (Chee Hoon Kog),"542,BedokNorth St 3, #01 - 1296, Singapore 460542",460542,0
Moral Child Development Centre (Macpherson),"122,PayaLebarWay, #01 - 2903, Singapore 381122",381122,0
Moral Child Development Centre (Membina),"18,JalanMembina, #03 - 01 & 02, Singapore 164018",164018,0
Moriah Child Care And Development Centre,"31,SimeiRoad, Singapore 529974",529974,0
Moriah Schoolhouse,"409A,FernvaleRoad, #01 - 46, Singapore 791409",791409,6
Motherwell Child Care Centre,"976,JurongWest St 93, #01 - 381, Singapore 640976",640976,0
Mount Sinai Preschool Pte. Ltd.,"2, Mount Sinai Road, Henry Park, Singapore 276837",276837,0
MRC Learning Centre (Yishun South),Blk848 #01-150 Yishun St 81 Singapore 760848,760848,0
MULBERRY Learning Centre @ ACER,29 International Business Park #01-02 ACER Building Tower B Singapore 609923/TEL: 65670338,670338,9
MULBERRY Learning Centre @ Bukit Merah,"168JalanBukitMerah, Connection One Tower 3 #01-09 Singapore 150168/ TEL: 62749365",749365,10
MULBERRY Learning Centre @ Choa Chu Kang,1ChoaChu Kang Street 53 #01-01/02/03ChoaChu Kang Sports Complex Singapore 689236/ TEL: 67600500,600500,10
Mulberry Learning Centre @ Jurong East,21JurongEast St 31 #03-01/02/03JurongEast Sports Complex Singapore 609517/TEL: 65601016,601016,10
MULBERRY Learning Centre @ Tanjong Pagar,Blk1TanjongPagarPlaza #02-01 Singapore 082001/ TEL: 62233539,233539,10
Mulberry Learning Centre LLP.,"21,JurongEast Street 31, #03 - 01, Singapore 609517",609517,4
Mustard Seeds @ Hougang Pte. Ltd.,"38,PohHuatCrescent,PohHuatGarden, Singapore 546871",546871,0
Mustard Seeds Learning Centre Pte. Ltd.,"8, St Xavier's Lane, Singapore 535736",535736,0
My First Classroom,"21, Sennett Lane, Singapore 466912",466912,7
My First Skool,"295A,CompassvaleCrescent, #01 - 203, Singapore 541295",541295,0
My First Skool,"166, Punggol Central, #01 - 01, Multi Storey Car Park, Singapore 820166",820166,0
My First Skool,"688C, Woodlands Drive 75, #01 - 44, Singapore 733688",733688,10
My First Skool,"671A,JurongWest Street 65, #01 - 96, Singapore 641671",641671,0
My First Skool,"170,HougangAvenue 1, #01 - 1481, Singapore 530170",530170,0
My First Skool,"2HillviewWay , Singapore 669173",669173,0
My First Skool,"308C,AnchorvaleRoad, #01 - 26, Singapore 543308",543308,0
My First Skool,"230,CompassvaleWalk, #01 - 416, Singapore 540230",540230,0
My First Skool,"507A, Wellington Circle, #01 - 146, Singapore 751507",751507,0
My First Skool,"50, Havelock Road, #02 - 755, Singapore 160050",160050,0
My First Skool,"23, BukitBatokEast Ave 4, #04 - 01, BukitBatokEast Community Club, Singapore 659841",659841,8
My First Skool,"331,SembawangClose, #01 - 361, Singapore 750331",750331,0
My First Skool,"603,ChoaChu Kang St 62, #01 - 45, Singapore 680603",680603,0
My First Skool,"170,GhimMohRoad, #03 - 01, UluPandanCommunity Club, Singapore 279621",279621,0
My First Skool,"GuillemardCrescent, Singapore 390000",390000,4
My First Skool,"85, Whampoa Drive, #01 - 268, Singapore 320085",320085,0
My First Skool,"637,PasirRisDrive 1, #01 - 576, Singapore 510637",510637,0
My First Skool,"612, Yishun Street 61, #01 - 193, Singapore 760612",760612,0
My First Skool,"950,HougangSt 91, #01 - 316, Singapore 530950",530950,0
My First Skool,"406, Woodlands Street 41, #01 - 06, Singapore 730406",730406,0
My First Skool,"487C, Tampines Street 45, #01 - 115, Singapore 522487",522487,6
My First Skool,"140, Serangoon North Ave 2, #01 - 34, Singapore 550140",550140,0
My First Skool,"667,HougangAve 4, #01 - 339, Singapore 530667",530667,0
My First Skool,"66, KallangBahruRoad, #05 - 473, Singapore 330066",330066,6
My First Skool,"419,BedokNorth St 1, #01 - 152, Singapore 460419",460419,0
My First Skool,"211,JurongEast St 21, #01 - 331, Singapore 600211",600211,0
My First Skool,"329,AngMo Kio Avenue 3, #01 - 2038, Singapore 560329",560329,2
My First Skool,"1, Haig Road, #01 - 555, Singapore 430001",430001,0
My First Skool,"333, KangChingRoad, #01 - 270, Singapore 610333",610333,0
My First Skool,"848, Woodlands Street 82, #01 - 195, Singapore 730848",730848,0
My First Skool,"212,ChoaChu Kang Central, #01 - 140, Singapore 680212",680212,0
My First Skool,"235, BukitPanjangRing Road, #02 - 33, Singapore 670235",670235,0
My First Skool,"245,BishanSt 22, #01 - 308, Singapore 570245",570245,0
My First Skool,"96, Henderson Road, #01 - 10/24, Singapore 150096",150096,0
My First Skool,"343,AngMo Kio Ave 3, #01 - 2182, Singapore 560343",560343,2
My First Skool,"101,RivervaleWalk, #01 - 40, Singapore 540101",540101,0
My First Skool,"796A, Yishun Ring Road, #01 - 3383, Singapore 761796",761796,0
My First Skool,"248, KimKeatLink, #01 - 53, Singapore 310248",310248,0
My First Skool,"518,JurongWest Street 52, #01 - 129, Singapore 640518",640518,0
My First Skool,"192, ToaPayohLorong4, #02 - 672, Singapore 310192",310192,0
My First Skool,"428, Clementi Ave 3, #01 - 450, Singapore 120428",120428,0
My First Skool @ Bukit Panjang,"151,JalanTeckWhye, #01 - 21, Singapore 680151",680151,0
My First Skool @ Compassvale,"48,JalanMerdu, Singapore 548675",548675,0
My First Skool @ Macpherson,"175, Macpherson Road, Singapore 348537",348537,6
My First Skool @ Pasir Panjang,"243,PasirPanjangRoad, Singapore 118599",118599,0
My First Skool @ Sommerville,"18,SommervilleWalk , Singapore 358187",358187,0
My First Skool @ Yishun,"124, Yishun Street 11, #01 - 367, Singapore 760124",760124,0
My First Skool @ Compassvalle,"473, Tampines Street 43, #01 - 90, Singapore 520473",520473,0
My First Skool @ Jurong West,"660D,JurongWest Street 64, #01 - 344, Singapore 644660",644660,0
My First Skool @ Ponggol,"9, Ponggol Twenty-Fourth Avenue, Singapore 829485",829485,0
My First Skool @ Sembawang,"534,SembawangRoad, Singapore 758407",758407,0
My First Skool @ Tampines,"265, Tampines St 21, #01 - 32, Singapore 520265",520265,0
My First Skool @ Woodlands,"24,CedarwoodGrove, Singapore 738375",738375,0
My Little Campus (Bishan),"201,BishanStreet 23, #01 - 467, Singapore 570201",570201,0
My Little Campus (Canberra),"482, Admiralty Link, #01 - 01, Singapore 750482",750482,0
My Little Campus (Pasir Ris),"735,PasirRisStreet 72, #02 - 344, Singapore 510735",510735,6
My Little Campus (Sembawang),"406,SembawangDrive, #01 - 828, Singapore 750406",750406,8
My Little Campus (Wellington),"511, Canberra Road, #03 - 01,SembawangMart, Singapore 750511",750511,8
My Little Campus (Yishun),"849, Yishun Ring Road, #02 - 3701, Singapore 760849",760849,0
My World @ Ang Mo Kio,"584,AngMo Kio Ave 3, #01 - 3107, Singapore 560584",560584,4
My World @ Bishan,"171,BishanSt 13, #01 - 13, Singapore 570171",570171,0
My World @ Hougang,"373,HougangSt 31, #01 - 65, Singapore 530373",530373,0
My World @ Pasir Ris,"575,PasirRisStreet 53, #01 - 06, Singapore 510575",510575,4
My World @ Simei,"123,SimeiStreet 1, #01 - 402, Singapore 520123",520123,0
My World @ Sims,"10Lorong37Geylang, Singapore 387907",387907,0
My World @ Stevens,"60, Stevens Road, Singapore 257854",257854,0
My World @ Tampines,"855, Tampines Street 83, #01 - 262, Singapore 520855",520855,0
My World @ Tampines Changkat,"113, Tampines Street 11, #01 - 151, Singapore 521113",521113,0
My World @ Woodland,"863, Woodlands Street 83, #01 - 190, Singapore 730863",730863,0
My World @ Yishun,"760, Yishun St 72, #01 - 314, Singapore 760760",760760,0
Nanyang Kindercare Centre,"537, BukitPanjangRing Road, #01 - 835, Singapore 670537",670537,0
New Life Childcare,"10,JelapangRoad, Singapore 677740",677740,0
Nissi Childcare & Development Centre,"443,PasirRisDrive 6, #03 - 02, Singapore 510443",510443,0
Noah's Ark Childcare & Development Centre,"439,FajarRoad, #01 - 422, Singapore 670439",670439,0
NurtureStars Child Care Centre,60 Yishun Ave 4 #01-V1 Singapore 769027,769027,0
Nuture Tots Pre-School Pte. Ltd.,"515, Elias Road,PasirRisBeach Park, Singapore 519923",519923,0
Odyssey @ Alexandra,"110 Alexandra Road, Singapore 159921",159921,6
Odyssey @ Wilkinson Road,"101 Wilkinson Road, Singapore 436559",436559,10
Odyssey The Global Preschool Pte Ltd,"101 Wilkinson Road, Singapore 436559",436559,0
Our Juniors' Schoolhouse,"68,JalanPariBurong, Picardy Garden, Singapore 488718",488718,0
Our Juniors' Schoolhouse,"33, Westlake Avenue, Singapore 574244",574244,0
Our Lady Star Of The Sea Child Care Centre,"235, Yishun Street 21, #01 - 440/2, Singapore 760235",760235,0
Oxford Educare Pte. Ltd.,"5A, Crescent Road, Singapore 439291",439291,8
Park West Creche,"8,JalanLempeng, Park West Condominium #02-03/04, Singapore 128796",128796,0
Pat's Baby Haven,"3, Halifax Road, Singapore 229258",229258,10
Pat's Schoolhouse,"31, Jubilee Road, Singapore 128583",128583,0
Pat's Schoolhouse Arena Centre,"511, UpperJurongRoad, #02 - 04, The Arena Country Club, Singapore 638366",638366,0
Pat's Schoolhouse Buckley Centre,"7, Buckley Road, Singapore 309763",309763,0
Pat's Schoolhouse Claymore Centre,"11, Claymore Road, Singapore 229541",229541,0
Pat's Schoolhouse Halifax Centre,"9/11, Halifax Road, Singapore 229262",229262,9
Pat's Schoolhouse Jubilee Park,31 Jubilee Road Singapore 128583,128583,0
Pat's Schoolhouse Katong Centre,"45, Meyer Road, Singapore 437870",437870,6
Pat's Schoolhouse Mount Emily Centre,"19, UpperWilkieRoad, Singapore 228126",228126,0
Pat's Schoolhouse Ridgewood Centre,"61A, Mount Sinai Drive, Singapore 277114",277114,0
Pat's Schoolhouse Serangoon Centre,"2C, Lim Ah Pin Road, Singapore 547813",547813,10
Pat's Schoolhouse Siglap Centre,"26A,JalanUluSiglap, Singapore 457184",457184,0
PCF Ayer Rajah - West Coast Sparkletots Child Care Centre,"150APandanGardens, Singapore 609342",609342,0
PCF Bukit Batok Sparkletots Child Care Centre,"113, BukitBatokWest Ave 6, #01 - 174, Singapore 650113",650113,0
PCF Bukit Batok Sparkletots Child Care Centre,"118, BukitBatokWest Avenue 6, #01 - 270, Singapore 650118",650118,0
PCF Bukit Batok Sparkletots Child Care Centre,"205, BukitBatokStreet 21, #01 - 50, Singapore 650205",650205,0
PCF Bukit Gombak Sparkletots Infant Care & Child Care Centre,"395A, BukitBatokWest Avenue 5, #05 - 01, Singapore 651395",651395,0
PCF Canberra Sparkletots Child Care Centre,"288, Yishun Ave 6, #01 - 46, Singapore 760288",760288,0
PCF Chong Pang Sparkle Tots Child Care Centre,"142, Yishun Ring Road, #01 - 38, Singapore 760142",760142,0
PCF Fengshan Sparkletots Infant And Child Care Centre,"184,BedokNorth Road, #01 - 01, Singapore 460184",460184,8
PCF Fengshang Sparkletots Childcare Centre,"20BedokNorth Street 2, Singapore 469644",469644,0
PCF Kebun Baru Sparkletots Child Care Centre,"216,AngMo Kio Avenue 4,KebunBaruCommunity Centre, Singapore 569897",569897,0
PCF Moulmein-Tai Pei Childcare And Development Centre,"50, Dorset Rd, #01 - 132, Singapore 210050",210050,0
PCF Nee Soon East Sparkletots Childcare Centre,"1, Yishun Avenue 9, Singapore 768893",768893,0
PCF Nee Soon South Sparkletots Child Care Centre,"723, Yishun Street 71, #01 - 157, Singapore 760723",760723,0
PCF Sparkletots Child Care Centre (Tampines Changkat),"273, Tampines Street 22, #01 - 60, Singapore 520273",520273,0
PCF Sparkletots Child Care Centre (Tampines Changkat),"112, Tampines Street 11, #01 - 185, Singapore 521112",521112,0
PCF Sparkletots Child Care Centre (Tampines Changkat),"341, Tampines Street 33, #01 - 264, Singapore 520341",520341,0
PCF Twinkle Tots Yuhua Childcare Centre,"233,JurongEast Street 21, #01 - 410, Singapore 600233",600233,0
PCF Twinkle Tots Yuhua Childcare Centre,"264,JurongEast Street 24, #01 - 523, Singapore 600264",600264,0
PCF Woodlands Sparkletots Child Care Centre,"677, Woodlands Ave 6, #01 - 748, Singapore 730677",730677,0
PCS Ang Mo Kio Child Care Centre,"442,AngMo Kio Street 43, #01 - 1205, Singapore 560442",560442,0
PCS Bukit Batok Centre,"116, BukitBatokWest Ave 6, #01 - 232, Singapore 650116",650116,0
PCS Ghim Moh Centre,"5,GhimMohRoad, #01 - 238, Singapore 270005",270005,9
PCS Holland Village Centre,"16, Holland Drive, #01 - 138, Singapore 271016",271016,8
PCS Hougang Centre,"127,HougangAvenue 1, #01-1494, Singapore 530127",530127,0
PCS Jurong West Centre,"452,JurongWest Street 42, #01-170, Singapore 640452",640452,0
PCS Tampines Centre,"432, Tampines Street 41, #01 - 555, Singapore 520432",520432,0
PCS Woodlands Centre,"23,MarsilingDrive, #01 - 159, Singapore 730023",730023,0
PCS Yishun Child Care Centre,"411, Yishun Ring Road, #01 - 1807, Singapore 760411",760411,0
Pebble Place Development Centre,"16, Pebble Lane, Singapore 437565",437565,8
Periwinkle Nurture Centre Pte Ltd,"1, Kim Seng Promenade, #03 - 06, Great World City, Singapore 237994",237994,0
Persatuan Pemudi Islam Singapore,"826,JurongWest Street 81, #01 - 430, Singapore 640826",640826,0
Pertapis Child Care Centre (Ubi Branch),"346,UbiAvenue 1, #01 - 1071, Singapore 400346",400346,0
Pertapis Child Care Centre @ Eunos,"17,EunosCrescent, #01 - 2865, Singapore 400017",400017,0
Pertapis Childcare & Development Centre (Yew Tee),"612,ChoaChu Kang St 62, #01 - 195, Singapore 680612",680612,0
Pibo's Garden Playschool,"1,DunearnClose, Singapore 299574",299574,10
Pibos Garden,"7, Hua Guan Crescent, Hua Guan Gardens, Singapore 589034",589034,0
Pies Schoolhouse,"20, Mayflower Rise, Singapore 568659",568659,7
Pitter Patter Child Care & Development Centre Pte. Ltd.,"14,JalanChelagi, Singapore 509575",509575,0
Praise Kids Educare Pte. Ltd.,"42,JooChiatLane,KatongPresbyterian Church, Singapore 428102",428102,8
Praiseland Child Care And Learning Centre,"662, Yishun Avenue 4, #01 - 235, Singapore 760662",760662,0
Praises Child Development Centre,"645,AngMo Kio Avenue 6, #01 - 4991, Singapore 560645",560645,2
Pre-School By-The-Park Pte. Ltd.,"63,ShelfordRoad,WattenEstate, Singapore 288453",288453,0
Prince Siddhattha Child Care Centre,"215, BukitBatokStreet 21, #01 - 343, Singapore 650215",650215,0
Pu Ti Child Care Centre,"104,AljuniedCrescent, #01 - 245, Singapore 380104",380104,0
Rainbow Childcare & Development Centre,"10 Boon Lay Place, Boon Lay Community Centre, Singapore 649882",649882,0
Rainbow Cove Educational Services Pte. Ltd.,"319, Upper East Coast Road, Spring Park Estate, Singapore 466451",466451,0
Raising Champions,"1,PasirRisTerrace,PasirRisBeach Park, Singapore 518645",518645,0
Red SchoolHouse,"34 Sing Ming Lane, Singapore 573955",573955,5
Rejoice Skoolhouse,"288E, BukitBatokStreet 25, #01 - 66, Singapore 654288",654288,0
Rhymesland Educare,"406,HougangAvenue 10, #01 - 1124, Singapore 530406",530406,0
Rosemary Hall Montessori (Robinson),"14 Robinson Road, Far East Finance Building, #05-01, Singapore 048545",48545,8
Rosemaryhall Montessori,"17RambaiRoad, Singapore 424336",424336,0
SAF Child Development Centre @ The Chevrons,"48 Boon Lay Way, #01 - 01, Singapore 609961",609961,0
Saint Elmo's Child Care,"926,HougangStreet 91, #01 - 83, Singapore 530926",530926,0
Saint Elmo's ChildCare,"610,JurongWest Street 65, #01 - 534, Singapore 640610",640610,8
Sam's Early Learning Centre Pte. Ltd.,"17,JalanMutiara, Singapore 249196",249196,0
San Lorenzo Montessori,2WaringinPark (off Chai Chee Drive) Singapore 416316,416316,9
Sasco Child Care Centre,"102, BukitPurmeiRoad, #01 - 78, Singapore 090102",90102,0
Sasco Child Care Centre @ Bedok,"93,BedokNorth Avenue 4, #01 - 1477, Singapore 460093",460093,0
School House Bythegarden @ Ang Mo Kio,Blk340AngMo Kio Ave 1 #01 - 1681 Singapore 560340 / TEL: 64514858,514858,10
School House Bythegarden @ Ang Mo Kio,Blk340AngMo Kio Ave 1 #01 - 1681 Singapore 560340 / TEL: 64514858,514858,10
School House Bythegarden @ Eunos,19JalanSingaSingapore 418106 / TEL: 67429870,429870,10
School House Bythegarden @ Philips,12 Philips Avenue Singapore 546934/TEL:62808562,08562,10
School House Bythegarden @ Thomson,14A Marigold Drive Singapore 576416/ TEL: 64522789,522789,10
School House Bythegarden Pte. Ltd.,"12, Phillips Avenue, Singapore 546934",546934,0
Schoolhouse By The Bay @Katong CC,"51, KampongArangRoad,KatongCommunity Centre, Singapore 438178",438178,8
Schoolhouse by the Garden,"23,JalanTeliti, Singapore 537319",537319,0
Schoolhouse by the Garden,"27/27AHougangAvenue 1, Singapore 538875",538875,0
Schoolhouse By The Garden,"2,JalanMerdu, Singapore 548651",548651,5
Seedlings Montessori Alexandra Pte. Ltd.,"57, Dawson Road, #02 - 11, Dawson Place, Singapore 142057",142057,7
Seedlings Patch,"445,FajarRoad, #02 - 544,FajarShopping Centre, Singapore 670445",670445,6
SGM Murni Child Development Centre,"411, Tampines Street 41, #01 - 241, Singapore 520411",520411,0
Shaw Preschool,"45A, Carmichael Road, Singapore 359826",359826,0
Shaws Preschool Childcare @ Braddell Heights,"24, Lynwood Grove, Singapore 358666",358666,0
Shaws Preschool Childcare @ Katong,"855, Mountbatten Road, Singapore 437839",437839,8
Sheffield Kidsworld,"660, Woodlands Ring Road, #01 - 132, Singapore 730660",730660,0
Sheffield Kidsworld,"433,ChoaChu Kang Ave 4, #01 - 535, Singapore 680433",680433,0
Shekinah Montessori House,"54SengkangEast Way, Singapore 548599",548599,0
Sherwood Childcare Pte. Ltd.,"10, Ayer Rajah Crescent, Singapore 139940",139940,0
Shooting Star Child Development Centre,"583B,SembawangPlace,GoldwoodGardens, Singapore 758434",758434,8
Small World Educare Centre,"3188,GeylangBahru, #01 - 07,KolamAyer Community Club, Singapore 339717",339717,0
Smartie Cottage,"405B,FernvaleLane, #01 - 115, Singapore 792405",792405,0
Smartz Playhouse Pte. Ltd.,"60, Lucky Heights, Singapore 467614",467614,0
Smiling Star,"8, Pending Road, #01 - 08, BukitPanjangCommunity Club, Singapore 678295",678295,0
Sonshine Child Care Centre,"211, BukitBatokStreet 21, #01 - 252, Singapore 650211",650211,0
Sparkle Stones Educare Centre,"145,RivervaleDrive, #01 - 529, Singapore 540145",540145,0
Sparkle Tots Child Care Centre PCF Bishan-Toa Payoh North,"267,BishanStreet 24, #02 - 164, Singapore 570267",570267,0
Sparkletots Child Care Centre (Alexandra),"365 , Commonwealth Avenue, Queenstown Community Centre, Singapore 149732",149732,6
Sparkletots Child Care Centre (Braddell Heights),"335, Serangoon Avenue 3, #01 - 335, Singapore 550335",550335,0
Sparkletots Child Care Centre (Bukit Batok West),"419, BukitBatokWest Avenue 2, #01 - 225, Singapore 650419",650419,6
Sparkletots Child Care Centre (Choa Chu Kang),"448,ChoaChu Kang Ave 4, #01 - 285, Singapore 680448",680448,0
Sparkletots Child Care Centre (Fengshan),"76,BedokNorth Road, #01 - 178, Singapore 460076",460076,0
Sparkletots Child Care Centre - Keat Hong,"287,ChoaChu Kang Avenue 2, #01 - 199, Singapore 680287",680287,0
Sparkletots Jurong Central Child Care Centre,"404,JurongWest Street 42, #01 - 575, Singapore 640404",640404,0
Sparkletots Queenstown Child Care Centre,"46, Tanglin Halt Rd, #01 - 289, Singapore 142046",142046,0
St Anthony's Child Care Centre,"331, Woodlands Ave 1, #01 - 421, Singapore 730331",730331,0
St. Gerard's School Llp,"12, Mount Sophia, Singapore 228460",228460,0
St. Joseph's Church Childcare Centre,"600, Upper BukitTimahRoad, Singapore 679331",679331,6
Star Learner,"501, BukitBatokStreet 52, #01 - 71, Singapore 650501",650501,0
Star Learner @ Ang Mo Kio,"320,AngMo Kio Ave 1, #01 - 1521, Singapore 560320",560320,2
Star Learner @ Bishan,"114,BishanStreet 12, #01 - 96,BishanView, Singapore 570114",570114,0
Star Learner @ Pasir Ris,"76,PasirRisHeights, Singapore 519282",519282,0
Star Learner @ SengKang,"266,CompassvaleBow, #01 - 04, Multi Storey Car Park, Singapore 540266",540266,2
Star Learners @ Macpherson Pte. Ltd.,"37,JalanBelangkas, Singapore 369400",369400,0
Star Learners @ Sembawang Pte. Ltd.,"587,SembawangPlace,GoldwoodGardens, Singapore 758440",758440,8
Star Learners @ Simei Pte. Ltd.,"9, Harvey Avenue, Singapore 489480",489480,0
Star Learners Pte Ltd,"1,JalanYasin, Singapore 417958",417958,0
Stepping Stones Child Care And Learning Centre,"159,BedokSouth Avenue 3, #01 - 555, Singapore 460159",460159,0
Sunflower Baby House,"200, Turf Club Road, #04 - 300, Turf City, Singapore 287994",287994,0
Sunflower Childcare & Development Centre Pte Ltd,"670,BedokNorth Street 3, #02 - 03/04, Kaki Bukit Community Centre, Singapore 469627",469627,0
Sunflower Kinderhub Llp,"33, Kasai Road, Singapore 808280",808280,0
Sunflower preeschool @ Pasir Ris,"472,PasirRisDrive 6, #01 - 464, Singapore 510472",510472,0
Sunflower Preschool @ Ponggol Field Pte Ltd,"201D, Punggol Field, #01 - 270, Singapore 824201",824201,0
Sunflower Preschool @ Ponngol Field Walk,"128D, Punggol Field Walk, #01 - 323, Singapore 824128",824128,0
Sunny Bunny Montessori Infantcare Center,"455, Sin Ming Avenue, #01 - 489, Singapore 570455",570455,6
Sunnytots Schoolhouse,"658, Yishun Avenue 4, #01 - 341, Singapore 760658",760658,0
Sunshine Kids Care Centre,"101B, Punggol Field, #01 - 476, Singapore 822101",822101,0
Sunshine Kids Educare,"321,HougangAvenue 5, #01 - 38, Singapore 530321",530321,2
Sunshine Schoolhouse,"372, Tampines Street 34, #01 - 20, Singapore 520372",520372,0
Superland Montessori Pre-School,"568, Ganges Avenue, #02 - 102, Singapore 160568",160568,0
Sweet Kids Childcare & Development Centre,"795, Woodlands Dr 72, #01 - 01, Singapore 730795",730795,0
Sweetland Childcare @Jurong East,"316,JurongEast St 32, #01 - 289, Singapore 600316",600316,0
Sweetlands Childcare & Development Centre,"896B, Woodlands Drive 50, #01 - 108, Singapore 731896",731896,0
Sweetlands Educare Centre,"643, Woodlands Ring Road, #01 - 42, Singapore 730643",730643,9
Sweetlands Educare Centre,"608, Woodlands Ring Road, #01 - 237, Singapore 730608",730608,0
Tai Pei Child Care Centre,"77,LorongLimau, #01 - 51, Singapore 320077",320077,0
Tai Pei Child Care Centre @ Lavender,"2, Lavender Street, Singapore 338709",338709,6
Tambalog...A Meeting Place,"16 Evans Road , Singapore 259363",259363,10
Teddy Bear Schoolhouse Pte. Ltd.,"51,ChweeChianRoad, Singapore 119759",119759,0
Teeny Tiny Child Care & Development Centre,"140,BishanSt 12, #01 - 484, Singapore 570140",570140,0
The Caterpillar's Cove Pte. Ltd.,"535, Clementi Road, Ngee Ann Polytechnic, Singapore 599489",599489,0
The Children Learning Centre - Choa Chu Kang Pte. Ltd.,"475,ChoaChu Kang Ave 3, #02-14, Singapore 680475",680475,0
The Children's Campus,"25, Almond Crescent, Singapore 677781",677781,0
The Children's Discovery Centre Pte Ltd,"184C,RivervaleCrescent, #01 - 199, Singapore 540184",540184,0
The Children's Place Pte. Ltd.,"19, Kay Siang Road, Singapore 248935",248935,6
The Experiential Learning Centre,200 Turf Club Road #03-12 Singapore 287994,287994,0
The Kiddiwinkie Place @ Goldhill,"9,GoldhillAvenue, Singapore 309007",309007,0
The Kiddiwinkie Place Pte Ltd,"420, Clemenceau Avenue North, #01-02, Singapore 229492",229492,8
The Kids' Inn,"19/19AJalanHikayat, Singapore 769863",769863,0
The Kidz Zone Pte Ltd,"9 International Business Park, MI World, Singapore 609915",609915,0
The Learning Ladder (Bukit Timah),"2 Highgate Walk, Singapore 598754",598754,6
The Little Champions,"20ArjuniedRoad, CPA House #02-01/02, Singapore 389805",389805,0
The Little Skool-House At-Fidelio,118 Fidelio Street Singapore 458493,458493,0
The Little Skool-House At-Kent Vale,101B Clementi Road Kent Vale Staff Housing Singapore 129798,129798,0
The Little Skool-House At-Mountbatten Square,229 Mountbatten Road #02-18 Mountbatten Square Singapore 398007,398007,0
The Little Skool-House At-OCBC-Centre,"65ChuliaStreet, #02-02, OCBC Centre West Wing, Singapore 049513",49513,0
The Little Skool-House At-Semb-Place,579SembawangPlace Singapore 758427,758427,0
The Little Skool-House At-Tampines-Junction,300 Tampines Ave 5 #04-02/03/04 Tampines Junction Singapore 529653,529653,0
The Little Skool-House At-the-Hub,"53AngMo Kio Ave 3, #03-22,AngMo Kio Hub, Singapore 569933",569933,0
The Little Skool-House At-the-Park,1A Pearl Bank #01-10 Singapore 169016,169016,0
The Little Skool-House At-Thomson,"512 Thomson Road #05-00, MCYS Building Singapore 298136",298136,0
The Little Skool-House By-the-Crescent,36NamlyCrescent Singapore 267551,267551,0
The Little Skool-House By-the-Vista,"UluPandanCommunity Building 170GhimMohRoad, #03-01, Singapore 279621",279621,0
The Little Skool-House In-the-Treehouse,333 Boon Lay Way #2A-03 SAFRAJurongSingapore 649848,649848,0
The Little Skool-House International Pte Ltd,"1, Orchid Club Road, Orchid Country Club, Singapore 769162",769162,0
The Little Skool-House On-the-Green,Orchid Country Club 1 Orchid Club Road Singapore 769162,769162,10
The Little Skool-House On-the-Hill,"Singapore General Hospital, 226OutramRoad SGH Sisters Quarters Singapore 169608",169608,0
The Mayfair School,51ChweeChianRoad S(119759),19759),0
The Moral Childcare Centre,"Blk415, BukitBatokWest, Avenue 4, #01-264, Singapore 650415",650415,8
The Nurture Cottage Holdings Pte. Ltd.,"715, Mountbatten Road, Singapore 437735",437735,0
The Orange Tree Preschool,"31, Kaki Bukit Road 3 , #01 - 03,Techlink, Singapore 417818",417818,5
The Orange Tree Preschool,"3SimeiStreet 6, #06 - 10,EastpointMall, Singapore 528833",528833,8
The Pre-Schoolers Childcare & Development Centre Pte Ltd,"718,BedokReservoir Road, #01 - 4572, Singapore 470718",470718,8
The Pre-Schoolers Childcare & Development Centre Pte Ltd,"4,JalanTani, Singapore 548542",548542,0
The Preparatory Place,"42, Fernhill Road, Singapore 259102",259102,0
The Sunbird Child Development Centre Pte Ltd,"122A,SengkangEast Way, #01 - 49, Singapore 541122",541122,0
Thinkerstar Educare,"701, Woodlands Drive 40, #01 - 102, Singapore 730701",730701,0
Tots 'N' Kids Childcare And Development Centre,"91, Marshall Road, Singapore 424887",424887,0
Touch Child Care & Family Centre (Clementi),"333, Clementi Avenue 2, #01 - 86, Singapore 120333",120333,0
Touch Child Care & Family Centre (Hougang),"606,HougangAvenue 4, #01 - 167, Singapore 530606",530606,0
Treasure Box Child Development Centre Pte Ltd,"5A, Parry Avenue, Singapore 547227",547227,8
Twinks School House,"167,JalanBukitMerah, #04 - 15C, Singapore 150167",150167,0
Wesley Child Development Centre,"44, ToaPayohLor5, #01 - 117, Singapore 310044",310044,0
Wesley Child Development Centre,"29,TelokBlangahRise, #01 - 231, Singapore 090029",90029,6
Wesley Child Development Centre,"504, Serangoon North Ave 4, #01 - 470, Singapore 550504",550504,0
Whispering Hearts Infant & Child Care Centre,"688,JurongWest Central 1, #01 - 237, Singapore 640688",640688,0
Whiz Kidz Montessori Pte Ltd,"862,JurongWest Street 81, #01 - 624, Singapore 640862",640862,0
Whole Child Nurture Centre,"17JJalanHockChye, Singapore 538202",538202,2
Wiggle Learners,"2, Thomson Hills Drive, Singapore 574747",574747,0
WinChester Infant House Pte Ltd,"318, TANGLIN ROAD, #01 - 51-54, SINGAPORE 247979",247979,6
Wonder Place Childcare & Development Centre Pte Ltd,"837,JurongWest St 81, #01 - 75, Singapore 640837",640837,0
Wonder Years Childcare & Development Centre Pte Ltd,"427,ChoaChu Kang Ave 4, #01 - 186, Singapore 680427",680427,0
Yasmine @ Frankel Early Learning Centre,"30,SiglapPlain, Singapore 456019",456019,0
YMCA Child Development Centre,"510,JelapangRoad, #01 - 68, Singapore 670510",670510,0
YMCA Child Development Centre,"171, Woodlands Street 11, #01 - 55, Singapore 730171",730171,0
YMCA Child Development Centre @ Bukit Batok,"225, BukitBatokCentral, #01 - 89, Singapore 650225",650225,0
Young Elite Childcare & Development Pte. Ltd.,"74, St. Anne's Wood, Singapore 545215",545215,6
Young Kids Child Care,"67, Lorong Penchalak, Singapore 536290",536290,0
Young Minds Childcare Centre,"316, Woodlands Street 31, #01 - 112, Singapore 730316",730316,0
Young Talents Child Care & Development Centre,"49, Jalan Tiga, #01 - 50, Singapore 390049",390049,0
Young Talents Child Care & Development Centre,"200 Lorong 2 Toa Payoh, Singapore 319642",319642,0
Yuquan Preschool,"23, Middle Road, #04 - 01/02, Chua Chek Tien Building, Singapore 188933",188933,0
Ywca Ang Mo Kio Child Development Centre,"513, Ang Mo Kio Ave 8, #01 - 2776, Singapore 560513",560513,10
Ywca Bedok South Child Development Centre,"24, New Upper Changi Road, #01 - 608, Singapore 461024",461024,2
Ywca Bishan Child Development Centre,"185, Bishan St 13, #01 - 323, Singapore 570185",570185,0
Ywca Bukit Gombak Child Development Centre,"531, Bukit Batok Street 51, #01 - 136, Singapore 650531",650531,0
Ywca Jurong East Child Development Centre,"324, Jurong East Avenue 1, #01 - 130/6, Singapore 600324",600324,0
Ywca Marine Drive Child Development Centre,"66, Marine Drive, #01 - 202, Singapore 440066",440066,2
Ywca Mcnair Road Child Development Centre,"7, Mcnair Road, Singapore 328516",328516,0
Ywca Outram Child Development Centre,"254, Outram Road, Singapore 169051",169051,0
Ywca Pasir Ris Child Development Centre,"214, Pasir Ris Street 21, #01 - 256, Singapore 510214",e 5102,0
Ywca West Coast Child Development Centre,"510, West Coast Drive, #01 - 315, Singapore 120510",120510,8
YWMA Child Development Centre,"316, Sembawang Vista, #01 - 191, Singapore 750316",750316,0
YWMA Child Development Centre,"187, Pasir Ris Street 11, #01 - 88, Singapore 510187",510187,0
YWMA Child Development Centre,"557, Pasir Ris St 51, #01 - 201, Singapore 510557",510557,0
Zee Juniors,"722, Dunman Road, Singapore 439235",439235,0
Zee School,"23 Wareham Road, Singapore 436788",436788,0
Zion Child Care & Development Centre Pte Ltd,"319C, Anchorvale Drive, #01 - 66, Singapore 543319",543319,0
